<?xml version="1.0" encoding="UTF-8"?>
<suppressions xmlns="https://jeremylong.github.io/DependencyCheck/dependency-suppression.1.3.xsd">
    <suppress>
   <notes><![CDATA[
   file name: bcprov-jdk15on-1.46.jar
   ]]></notes>
   <packageUrl regex="true">^pkg:maven/org\.bouncycastle/bcprov\-jdk15on@.*$</packageUrl>
   <cpe>cpe:/a:bouncycastle:legion-of-the-bouncy-castle-java-crytography-api</cpe>
	</suppress>

<suppress>
   <notes><![CDATA[
   file name: bcprov-jdk15on-1.46.jar
   ]]></notes>
   <packageUrl regex="true">^pkg:maven/org\.bouncycastle/bcprov\-jdk15on@.*$</packageUrl>
   <vulnerabilityName>CVE-2015-6644</vulnerabilityName>
</suppress>

<suppress>
   <notes><![CDATA[
   file name: bcprov-jdk15on-1.46.jar
   ]]></notes>
   <packageUrl regex="true">^pkg:maven/org\.bouncycastle/bcprov\-jdk15on@.*$</packageUrl>
   <vulnerabilityName>CVE-2015-7940</vulnerabilityName>
</suppress>

<suppress>
   <notes><![CDATA[
   file name: bcprov-jdk15on-1.46.jar
   ]]></notes>
   <packageUrl regex="true">^pkg:maven/org\.bouncycastle/bcprov\-jdk15on@.*$</packageUrl>
   <vulnerabilityName>CVE-2020-0187</vulnerabilityName>
</suppress>

<suppress>
   <notes><![CDATA[
   file name: bcprov-jdk15on-1.46.jar
   ]]></notes>
   <packageUrl regex="true">^pkg:maven/org\.bouncycastle/bcprov\-jdk15on@.*$</packageUrl>
   <vulnerabilityName>CVE-2020-26939</vulnerabilityName>
</suppress>

<suppress>
   <notes><![CDATA[
   file name: bcprov-jdk15on-1.46.jar
   ]]></notes>
   <packageUrl regex="true">^pkg:maven/org\.bouncycastle/bcprov\-jdk15on@.*$</packageUrl>
   <vulnerabilityName>CVE-2023-33201</vulnerabilityName>
</suppress>

<suppress>
   <notes><![CDATA[
   file name: bcprov-jdk15on-1.46.jar
   ]]></notes>
   <packageUrl regex="true">^pkg:maven/org\.bouncycastle/bcprov\-jdk15on@.*$</packageUrl>
   <vulnerabilityName>CVE-2024-29857</vulnerabilityName>
</suppress>

<suppress>
   <notes><![CDATA[
   file name: bcprov-jdk15on-1.46.jar
   ]]></notes>
   <packageUrl regex="true">^pkg:maven/org\.bouncycastle/bcprov\-jdk15on@.*$</packageUrl>
   <vulnerabilityName>CVE-2024-30171</vulnerabilityName>
</suppress>

    <suppress>
   <notes><![CDATA[
   file name: spring-boot-2.2.4.RELEASE.jar
   ]]></notes>
   <packageUrl regex="true">^pkg:maven/org\.springframework\.boot/spring\-boot@.*$</packageUrl>
   <cpe>cpe:/a:vmware:spring_boot</cpe>
</suppress>
    
    <suppress>
   <notes><![CDATA[
   file name: logback-core-1.2.3.jar
   ]]></notes>
   <packageUrl regex="true">^pkg:maven/ch\.qos\.logback/logback\-core@.*$</packageUrl>
   <cpe>cpe:/a:qos:logback</cpe>
</suppress>

<suppress>
   <notes><![CDATA[
   file name: log4j-api-2.12.1.jar
   ]]></notes>
   <packageUrl regex="true">^pkg:maven/org\.apache\.logging\.log4j/log4j\-api@.*$</packageUrl>
   <cpe>cpe:/a:apache:log4j</cpe>
</suppress>

<suppress>
   <notes><![CDATA[
   file name: snakeyaml-1.25.jar
   ]]></notes>
   <packageUrl regex="true">^pkg:maven/org\.yaml/snakeyaml@.*$</packageUrl>
   <cpe>cpe:/a:snakeyaml_project:snakeyaml</cpe>
</suppress>

<suppress>
   <notes><![CDATA[
   file name: snakeyaml-1.25.jar
   ]]></notes>
   <packageUrl regex="true">^pkg:maven/org\.yaml/snakeyaml@.*$</packageUrl>
   <cpe>cpe:/a:yaml_project:yaml</cpe>
</suppress>

<suppress>
   <notes><![CDATA[
   file name: jackson-databind-2.10.2.jar
   ]]></notes>
   <packageUrl regex="true">^pkg:maven/com\.fasterxml\.jackson\.core/jackson\-databind@.*$</packageUrl>
   <cpe>cpe:/a:fasterxml:jackson-databind</cpe>
</suppress>

<suppress>
   <notes><![CDATA[
   file name: tomcat-embed-core-9.0.30.jar
   ]]></notes>
   <packageUrl regex="true">^pkg:maven/org\.apache\.tomcat\.embed/tomcat\-embed\-core@.*$</packageUrl>
   <cpe>cpe:/a:apache:tomcat</cpe>
</suppress>

<suppress>
   <notes><![CDATA[
   file name: tomcat-embed-core-9.0.30.jar
   ]]></notes>
   <packageUrl regex="true">^pkg:maven/org\.apache\.tomcat\.embed/tomcat\-embed\-core@.*$</packageUrl>
   <cpe>cpe:/a:apache_tomcat:apache_tomcat</cpe>
</suppress>

<suppress>
   <notes><![CDATA[
   file name: hibernate-validator-6.0.18.Final.jar
   ]]></notes>
   <packageUrl regex="true">^pkg:maven/org\.hibernate\.validator/hibernate\-validator@.*$</packageUrl>
   <cpe>cpe:/a:redhat:hibernate_validator</cpe>
</suppress>

<suppress>
   <notes><![CDATA[
   file name: spring-web-5.2.3.RELEASE.jar
   ]]></notes>
   <packageUrl regex="true">^pkg:maven/org\.springframework/spring\-web@.*$</packageUrl>
   <cpe>cpe:/a:pivotal_software:spring_framework</cpe>
</suppress>

<suppress>
   <notes><![CDATA[
   file name: spring-web-5.2.3.RELEASE.jar
   ]]></notes>
   <packageUrl regex="true">^pkg:maven/org\.springframework/spring\-web@.*$</packageUrl>
   <cpe>cpe:/a:springsource:spring_framework</cpe>
</suppress>


<suppress>
   <notes><![CDATA[
   file name: spring-beans-5.2.3.RELEASE.jar
   ]]></notes>
   <packageUrl regex="true">^pkg:maven/org\.springframework/spring\-beans@.*$</packageUrl>
   <cpe>cpe:/a:pivotal_software:spring_framework</cpe>
</suppress>

<suppress>
   <notes><![CDATA[
   file name: spring-beans-5.2.3.RELEASE.jar
   ]]></notes>
   <packageUrl regex="true">^pkg:maven/org\.springframework/spring\-beans@.*$</packageUrl>
   <cpe>cpe:/a:springsource:spring_framework</cpe>
</suppress>

<suppress>
   <notes><![CDATA[
   file name: spring-web-5.2.3.RELEASE.jar
   ]]></notes>
   <packageUrl regex="true">^pkg:maven/org\.springframework/spring\-web@.*$</packageUrl>
   <vulnerabilityName>CVE-2016-1000027</vulnerabilityName>
</suppress>

<suppress>
   <notes><![CDATA[
   file name: spring-web-5.2.3.RELEASE.jar
   ]]></notes>
   <packageUrl regex="true">^pkg:maven/org\.springframework/spring\-web@.*$</packageUrl>
   <vulnerabilityName>CVE-2020-5421</vulnerabilityName>
</suppress>

<suppress>
   <notes><![CDATA[
   file name: spring-web-5.2.3.RELEASE.jar
   ]]></notes>
   <packageUrl regex="true">^pkg:maven/org\.springframework/spring\-web@.*$</packageUrl>
   <vulnerabilityName>CVE-2021-22096</vulnerabilityName>
</suppress>

<suppress>
   <notes><![CDATA[
   file name: spring-web-5.2.3.RELEASE.jar
   ]]></notes>
   <packageUrl regex="true">^pkg:maven/org\.springframework/spring\-web@.*$</packageUrl>
   <vulnerabilityName>CVE-2021-22118</vulnerabilityName>
</suppress>

<suppress>
   <notes><![CDATA[
   file name: spring-web-5.2.3.RELEASE.jar
   ]]></notes>
   <packageUrl regex="true">^pkg:maven/org\.springframework/spring\-web@.*$</packageUrl>
   <vulnerabilityName>CVE-2024-22243</vulnerabilityName>
</suppress>

<suppress>
   <notes><![CDATA[
   file name: spring-web-5.2.3.RELEASE.jar
   ]]></notes>
   <packageUrl regex="true">^pkg:maven/org\.springframework/spring\-web@.*$</packageUrl>
   <vulnerabilityName>CVE-2024-22262</vulnerabilityName>
</suppress>

<suppress>
   <notes><![CDATA[
   file name: spring-webmvc-5.2.3.RELEASE.jar
   ]]></notes>
   <packageUrl regex="true">^pkg:maven/org\.springframework/spring\-webmvc@.*$</packageUrl>
   <cpe>cpe:/a:pivotal_software:spring_framework</cpe>
</suppress>

<suppress>
   <notes><![CDATA[
   file name: spring-webmvc-5.2.3.RELEASE.jar
   ]]></notes>
   <packageUrl regex="true">^pkg:maven/org\.springframework/spring\-webmvc@.*$</packageUrl>
   <cpe>cpe:/a:springsource:spring_framework</cpe>
</suppress>

<suppress>
   <notes><![CDATA[
   file name: spring-beans-5.2.3.RELEASE.jar
   ]]></notes>
   <packageUrl regex="true">^pkg:maven/org\.springframework/spring\-beans@.*$</packageUrl>
   <vulnerabilityName>CVE-2022-22965</vulnerabilityName>
</suppress>

<suppress>
   <notes><![CDATA[
   file name: spring-context-5.2.3.RELEASE.jar
   ]]></notes>
   <packageUrl regex="true">^pkg:maven/org\.springframework/spring\-context@.*$</packageUrl>
   <cpe>cpe:/a:pivotal_software:spring_framework</cpe>
</suppress>

<suppress>
   <notes><![CDATA[
   file name: spring-webmvc-5.2.3.RELEASE.jar
   ]]></notes>
   <packageUrl regex="true">^pkg:maven/org\.springframework/spring\-webmvc@.*$</packageUrl>
   <vulnerabilityName>CVE-2021-22060</vulnerabilityName>
</suppress>

<suppress>
   <notes><![CDATA[
   file name: spring-context-5.2.3.RELEASE.jar
   ]]></notes>
   <packageUrl regex="true">^pkg:maven/org\.springframework/spring\-context@.*$</packageUrl>
   <cpe>cpe:/a:springsource:spring_framework</cpe>
</suppress>

<suppress>
   <notes><![CDATA[
   file name: spring-expression-5.2.3.RELEASE.jar
   ]]></notes>
   <packageUrl regex="true">^pkg:maven/org\.springframework/spring\-expression@.*$</packageUrl>
   <cpe>cpe:/a:pivotal_software:spring_framework</cpe>
</suppress>

<suppress>
   <notes><![CDATA[
   file name: spring-context-5.2.3.RELEASE.jar
   ]]></notes>
   <packageUrl regex="true">^pkg:maven/org\.springframework/spring\-context@.*$</packageUrl>
   <vulnerabilityName>CVE-2022-22968</vulnerabilityName>
</suppress>

<suppress>
   <notes><![CDATA[
   file name: spring-expression-5.2.3.RELEASE.jar
   ]]></notes>
   <packageUrl regex="true">^pkg:maven/org\.springframework/spring\-expression@.*$</packageUrl>
   <vulnerabilityName>CVE-2022-22950</vulnerabilityName>
</suppress>

<suppress>
   <notes><![CDATA[
   file name: spring-expression-5.2.3.RELEASE.jar
   ]]></notes>
   <packageUrl regex="true">^pkg:maven/org\.springframework/spring\-expression@.*$</packageUrl>
   <vulnerabilityName>CVE-2023-20861</vulnerabilityName>
</suppress>

<suppress>
   <notes><![CDATA[
   file name: spring-expression-5.2.3.RELEASE.jar
   ]]></notes>
   <packageUrl regex="true">^pkg:maven/org\.springframework/spring\-expression@.*$</packageUrl>
   <vulnerabilityName>CVE-2023-20863</vulnerabilityName>
</suppress>

<suppress>
   <notes><![CDATA[
   file name: spring-expression-5.2.3.RELEASE.jar
   ]]></notes>
   <packageUrl regex="true">^pkg:maven/org\.springframework/spring\-expression@.*$</packageUrl>
   <cpe>cpe:/a:springsource:spring_framework</cpe>
</suppress>

<suppress>
   <notes><![CDATA[
   file name: bcprov-jdk15on-1.46.jar
   ]]></notes>
   <packageUrl regex="true">^pkg:maven/org\.bouncycastle/bcprov\-jdk15on@.*$</packageUrl>
   <cpe>cpe:/a:bouncycastle:bouncy_castle_for_java</cpe>
</suppress>

<suppress>
   <notes><![CDATA[
   file name: bcprov-jdk15on-1.46.jar
   ]]></notes>
   <packageUrl regex="true">^pkg:maven/org\.bouncycastle/bcprov\-jdk15on@.*$</packageUrl>
   <cpe>cpe:/a:bouncycastle:legion-of-the-bouncy-castle</cpe>
</suppress>

<suppress>
   <notes><![CDATA[
   file name: bcprov-jdk15on-1.46.jar
   ]]></notes>
   <packageUrl regex="true">^pkg:maven/org\.bouncycastle/bcprov\-jdk15on@.*$</packageUrl>
   <vulnerabilityName>CVE-2013-1624</vulnerabilityName>
</suppress>

<suppress>
   <notes><![CDATA[
   file name: bcprov-jdk15on-1.46.jar
   ]]></notes>
   <packageUrl regex="true">^pkg:maven/org\.bouncycastle/bcprov\-jdk15on@.*$</packageUrl>
   <vulnerabilityName>CVE-2016-1000338</vulnerabilityName>
</suppress>

<suppress>
   <notes><![CDATA[
   file name: bcprov-jdk15on-1.46.jar
   ]]></notes>
   <packageUrl regex="true">^pkg:maven/org\.bouncycastle/bcprov\-jdk15on@.*$</packageUrl>
   <vulnerabilityName>CVE-2016-1000341</vulnerabilityName>
</suppress>

<suppress>
   <notes><![CDATA[
   file name: bcprov-jdk15on-1.46.jar
   ]]></notes>
   <packageUrl regex="true">^pkg:maven/org\.bouncycastle/bcprov\-jdk15on@.*$</packageUrl>
   <vulnerabilityName>CVE-2016-1000342</vulnerabilityName>
</suppress>

<suppress>
   <notes><![CDATA[
   file name: bcprov-jdk15on-1.46.jar
   ]]></notes>
   <packageUrl regex="true">^pkg:maven/org\.bouncycastle/bcprov\-jdk15on@.*$</packageUrl>
   <vulnerabilityName>CVE-2016-1000343</vulnerabilityName>
</suppress>

<suppress>
   <notes><![CDATA[
   file name: bcprov-jdk15on-1.46.jar
   ]]></notes>
   <packageUrl regex="true">^pkg:maven/org\.bouncycastle/bcprov\-jdk15on@.*$</packageUrl>
   <vulnerabilityName>CVE-2016-1000345</vulnerabilityName>
</suppress>

<suppress>
   <notes><![CDATA[
   file name: bcprov-jdk15on-1.46.jar
   ]]></notes>
   <packageUrl regex="true">^pkg:maven/org\.bouncycastle/bcprov\-jdk15on@.*$</packageUrl>
   <vulnerabilityName>CVE-2016-1000346</vulnerabilityName>
</suppress>

<suppress>
   <notes><![CDATA[
   file name: bcprov-jdk15on-1.46.jar
   ]]></notes>
   <packageUrl regex="true">^pkg:maven/org\.bouncycastle/bcprov\-jdk15on@.*$</packageUrl>
   <vulnerabilityName>CVE-2018-5382</vulnerabilityName>
</suppress>

<suppress>
   <notes><![CDATA[
   file name: spring-boot-starter-2.2.4.RELEASE.jar
   ]]></notes>
   <packageUrl regex="true">^pkg:maven/org\.springframework\.boot/spring\-boot\-starter@.*$</packageUrl>
   <cpe>cpe:/a:vmware:spring_boot</cpe>
</suppress>

<suppress>
   <notes><![CDATA[
   file name: spring-boot-2.2.4.RELEASE.jar
   ]]></notes>
   <packageUrl regex="true">^pkg:maven/org\.springframework\.boot/spring\-boot@.*$</packageUrl>
   <vulnerabilityName>CVE-2022-27772</vulnerabilityName>
</suppress>

<suppress>
   <notes><![CDATA[
   file name: logback-classic-1.2.3.jar
   ]]></notes>
   <packageUrl regex="true">^pkg:maven/ch\.qos\.logback/logback\-classic@.*$</packageUrl>
   <cpe>cpe:/a:qos:logback</cpe>
</suppress>

<suppress>
   <notes><![CDATA[
   file name: logback-core-1.2.3.jar
   ]]></notes>
   <packageUrl regex="true">^pkg:maven/ch\.qos\.logback/logback\-core@.*$</packageUrl>
   <vulnerabilityName>CVE-2021-42550</vulnerabilityName>
</suppress>

<suppress>
   <notes><![CDATA[
   file name: logback-core-1.2.3.jar
   ]]></notes>
   <packageUrl regex="true">^pkg:maven/ch\.qos\.logback/logback\-core@.*$</packageUrl>
   <vulnerabilityName>CVE-2023-6378</vulnerabilityName>
</suppress>

<suppress>
   <notes><![CDATA[
   file name: log4j-to-slf4j-2.12.1.jar
   ]]></notes>
   <packageUrl regex="true">^pkg:maven/org\.apache\.logging\.log4j/log4j\-to\-slf4j@.*$</packageUrl>
   <cpe>cpe:/a:apache:log4j</cpe>
</suppress>

<suppress>
   <notes><![CDATA[
   file name: snakeyaml-1.25.jar
   ]]></notes>
   <packageUrl regex="true">^pkg:maven/org\.yaml/snakeyaml@.*$</packageUrl>
   <vulnerabilityName>CVE-2017-18640</vulnerabilityName>
</suppress>

<suppress>
   <notes><![CDATA[
   file name: snakeyaml-1.25.jar
   ]]></notes>
   <packageUrl regex="true">^pkg:maven/org\.yaml/snakeyaml@.*$</packageUrl>
   <vulnerabilityName>CVE-2022-1471</vulnerabilityName>
</suppress>

<suppress>
   <notes><![CDATA[
   file name: snakeyaml-1.25.jar
   ]]></notes>
   <packageUrl regex="true">^pkg:maven/org\.yaml/snakeyaml@.*$</packageUrl>
   <vulnerabilityName>CVE-2022-25857</vulnerabilityName>
</suppress>

<suppress>
   <notes><![CDATA[
   file name: snakeyaml-1.25.jar
   ]]></notes>
   <packageUrl regex="true">^pkg:maven/org\.yaml/snakeyaml@.*$</packageUrl>
   <vulnerabilityName>CVE-2022-38749</vulnerabilityName>
</suppress>

<suppress>
   <notes><![CDATA[
   file name: snakeyaml-1.25.jar
   ]]></notes>
   <packageUrl regex="true">^pkg:maven/org\.yaml/snakeyaml@.*$</packageUrl>
   <vulnerabilityName>CVE-2022-38750</vulnerabilityName>
</suppress>

<suppress>
   <notes><![CDATA[
   file name: snakeyaml-1.25.jar
   ]]></notes>
   <packageUrl regex="true">^pkg:maven/org\.yaml/snakeyaml@.*$</packageUrl>
   <vulnerabilityName>CVE-2022-38751</vulnerabilityName>
</suppress>

<suppress>
   <notes><![CDATA[
   file name: snakeyaml-1.25.jar
   ]]></notes>
   <packageUrl regex="true">^pkg:maven/org\.yaml/snakeyaml@.*$</packageUrl>
   <vulnerabilityName>CVE-2022-38752</vulnerabilityName>
</suppress>

<suppress>
   <notes><![CDATA[
   file name: snakeyaml-1.25.jar
   ]]></notes>
   <packageUrl regex="true">^pkg:maven/org\.yaml/snakeyaml@.*$</packageUrl>
   <vulnerabilityName>CVE-2022-41854</vulnerabilityName>
</suppress>

<suppress>
   <notes><![CDATA[
   file name: jackson-databind-2.10.2.jar
   ]]></notes>
   <packageUrl regex="true">^pkg:maven/com\.fasterxml\.jackson\.core/jackson\-databind@.*$</packageUrl>
   <vulnerabilityName>CVE-2020-25649</vulnerabilityName>
</suppress>

<suppress>
   <notes><![CDATA[
   file name: jackson-databind-2.10.2.jar
   ]]></notes>
   <packageUrl regex="true">^pkg:maven/com\.fasterxml\.jackson\.core/jackson\-databind@.*$</packageUrl>
   <vulnerabilityName>CVE-2020-36518</vulnerabilityName>
</suppress>

<suppress>
   <notes><![CDATA[
   file name: jackson-databind-2.10.2.jar
   ]]></notes>
   <packageUrl regex="true">^pkg:maven/com\.fasterxml\.jackson\.core/jackson\-databind@.*$</packageUrl>
   <vulnerabilityName>CVE-2021-46877</vulnerabilityName>
</suppress>

<suppress>
   <notes><![CDATA[
   file name: jackson-databind-2.10.2.jar
   ]]></notes>
   <packageUrl regex="true">^pkg:maven/com\.fasterxml\.jackson\.core/jackson\-databind@.*$</packageUrl>
   <vulnerabilityName>CVE-2022-42003</vulnerabilityName>
</suppress>

<suppress>
   <notes><![CDATA[
   file name: jackson-databind-2.10.2.jar
   ]]></notes>
   <packageUrl regex="true">^pkg:maven/com\.fasterxml\.jackson\.core/jackson\-databind@.*$</packageUrl>
   <vulnerabilityName>CVE-2022-42004</vulnerabilityName>
</suppress>

<suppress>
   <notes><![CDATA[
   file name: tomcat-embed-websocket-9.0.30.jar
   ]]></notes>
   <packageUrl regex="true">^pkg:maven/org\.apache\.tomcat\.embed/tomcat\-embed\-websocket@.*$</packageUrl>
   <cpe>cpe:/a:apache:tomcat</cpe>
</suppress>

<suppress>
   <notes><![CDATA[
   file name: tomcat-embed-websocket-9.0.30.jar
   ]]></notes>
   <packageUrl regex="true">^pkg:maven/org\.apache\.tomcat\.embed/tomcat\-embed\-websocket@.*$</packageUrl>
   <cpe>cpe:/a:apache_tomcat:apache_tomcat</cpe>
</suppress>

<suppress>
   <notes><![CDATA[
   file name: hibernate-validator-6.0.18.Final.jar
   ]]></notes>
   <packageUrl regex="true">^pkg:maven/org\.hibernate\.validator/hibernate\-validator@.*$</packageUrl>
   <vulnerabilityName>CVE-2020-10693</vulnerabilityName>
</suppress>

<suppress>
   <notes><![CDATA[
   file name: spring-boot-starter-web-2.2.4.RELEASE.jar
   ]]></notes>
   <packageUrl regex="true">^pkg:maven/org\.springframework\.boot/spring\-boot\-starter\-web@.*$</packageUrl>
   <cpe>cpe:/a:vmware:spring_boot</cpe>
</suppress>

<suppress>
   <notes><![CDATA[
   file name: logback-classic-1.2.3.jar
   ]]></notes>
   <packageUrl regex="true">^pkg:maven/ch\.qos\.logback/logback\-classic@.*$</packageUrl>
   <vulnerabilityName>CVE-2021-42550</vulnerabilityName>
</suppress>

<suppress>
   <notes><![CDATA[
   file name: logback-classic-1.2.3.jar
   ]]></notes>
   <packageUrl regex="true">^pkg:maven/ch\.qos\.logback/logback\-classic@.*$</packageUrl>
   <vulnerabilityName>CVE-2023-6378</vulnerabilityName>
</suppress>

<suppress>
   <notes><![CDATA[
   file name: spring-boot-starter-json-2.2.4.RELEASE.jar
   ]]></notes>
   <packageUrl regex="true">^pkg:maven/org\.springframework\.boot/spring\-boot\-starter\-json@.*$</packageUrl>
   <cpe>cpe:/a:vmware:spring_boot</cpe>
</suppress>

<suppress>
   <notes><![CDATA[
   file name: spring-boot-autoconfigure-2.2.4.RELEASE.jar
   ]]></notes>
   <packageUrl regex="true">^pkg:maven/org\.springframework\.boot/spring\-boot\-autoconfigure@.*$</packageUrl>
   <cpe>cpe:/a:vmware:spring_boot</cpe>
</suppress>

<suppress>
   <notes><![CDATA[
   file name: spring-boot-autoconfigure-2.2.4.RELEASE.jar
   ]]></notes>
   <packageUrl regex="true">^pkg:maven/org\.springframework\.boot/spring\-boot\-autoconfigure@.*$</packageUrl>
   <vulnerabilityName>CVE-2023-20883</vulnerabilityName>
</suppress>

<suppress>
   <notes><![CDATA[
   file name: spring-boot-starter-tomcat-2.2.4.RELEASE.jar
   ]]></notes>
   <packageUrl regex="true">^pkg:maven/org\.springframework\.boot/spring\-boot\-starter\-tomcat@.*$</packageUrl>
   <cpe>cpe:/a:vmware:spring_boot</cpe>
</suppress>

<suppress>
   <notes><![CDATA[
   file name: spring-boot-starter-logging-2.2.4.RELEASE.jar
   ]]></notes>
   <packageUrl regex="true">^pkg:maven/org\.springframework\.boot/spring\-boot\-starter\-logging@.*$</packageUrl>
   <cpe>cpe:/a:vmware:spring_boot</cpe>
</suppress>

<suppress>
   <notes><![CDATA[
   file name: spring-boot-starter-validation-2.2.4.RELEASE.jar
   ]]></notes>
   <packageUrl regex="true">^pkg:maven/org\.springframework\.boot/spring\-boot\-starter\-validation@.*$</packageUrl>
   <cpe>cpe:/a:vmware:spring_boot</cpe>
</suppress>

<suppress>
   <notes><![CDATA[
   file name: spring-boot-starter-data-rest-2.2.4.RELEASE.jar
   ]]></notes>
   <packageUrl regex="true">^pkg:maven/org\.springframework\.boot/spring\-boot\-starter\-data\-rest@.*$</packageUrl>
   <cpe>cpe:/a:vmware:spring_boot</cpe>
</suppress>

<suppress>
   <notes><![CDATA[
   file name: spring-boot-starter-data-rest-2.2.4.RELEASE.jar
   ]]></notes>
   <packageUrl regex="true">^pkg:maven/org\.springframework\.boot/spring\-boot\-starter\-data\-rest@.*$</packageUrl>
   <cpe>cpe:/a:vmware:spring_data_rest</cpe>
</suppress>

<suppress>
   <notes><![CDATA[
   file name: spring-data-rest-webmvc-3.2.4.RELEASE.jar
   ]]></notes>
   <packageUrl regex="true">^pkg:maven/org\.springframework\.data/spring\-data\-rest\-webmvc@.*$</packageUrl>
   <cpe>cpe:/a:pivotal_software:spring_data_rest</cpe>
</suppress>

<suppress>
   <notes><![CDATA[
   file name: spring-data-rest-webmvc-3.2.4.RELEASE.jar
   ]]></notes>
   <packageUrl regex="true">^pkg:maven/org\.springframework\.data/spring\-data\-rest\-webmvc@.*$</packageUrl>
   <cpe>cpe:/a:vmware:spring_data_rest</cpe>
</suppress>

<suppress>
   <notes><![CDATA[
   file name: spring-data-rest-webmvc-3.2.4.RELEASE.jar
   ]]></notes>
   <packageUrl regex="true">^pkg:maven/org\.springframework\.data/spring\-data\-rest\-webmvc@.*$</packageUrl>
   <vulnerabilityName>CVE-2021-22047</vulnerabilityName>
</suppress>

<suppress>
   <notes><![CDATA[
   file name: spring-data-rest-webmvc-3.2.4.RELEASE.jar
   ]]></notes>
   <packageUrl regex="true">^pkg:maven/org\.springframework\.data/spring\-data\-rest\-webmvc@.*$</packageUrl>
   <vulnerabilityName>CVE-2022-31679</vulnerabilityName>
</suppress>

<suppress>
   <notes><![CDATA[
   file name: spring-hateoas-1.0.3.RELEASE.jar
   ]]></notes>
   <packageUrl regex="true">^pkg:maven/org\.springframework\.hateoas/spring\-hateoas@.*$</packageUrl>
   <cpe>cpe:/a:vmware:spring_hateoas</cpe>
</suppress>

<suppress>
   <notes><![CDATA[
   file name: json-path-2.4.0.jar
   ]]></notes>
   <packageUrl regex="true">^pkg:maven/com\.jayway\.jsonpath/json\-path@.*$</packageUrl>
   <cpe>cpe:/a:json-path:jayway_jsonpath</cpe>
</suppress>

<suppress>
   <notes><![CDATA[
   file name: json-path-2.4.0.jar
   ]]></notes>
   <packageUrl regex="true">^pkg:maven/com\.jayway\.jsonpath/json\-path@.*$</packageUrl>
   <vulnerabilityName>CVE-2023-51074</vulnerabilityName>
</suppress>

<suppress>
   <notes><![CDATA[
   file name: json-smart-2.3.jar
   ]]></notes>
   <packageUrl regex="true">^pkg:maven/net\.minidev/json\-smart@.*$</packageUrl>
   <cpe>cpe:/a:json-smart_project:json-smart</cpe>
</suppress>

<suppress>
   <notes><![CDATA[
   file name: json-smart-2.3.jar
   ]]></notes>
   <packageUrl regex="true">^pkg:maven/net\.minidev/json\-smart@.*$</packageUrl>
   <vulnerabilityName>CVE-2021-27568</vulnerabilityName>
</suppress>

<suppress>
   <notes><![CDATA[
   file name: json-smart-2.3.jar
   ]]></notes>
   <packageUrl regex="true">^pkg:maven/net\.minidev/json\-smart@.*$</packageUrl>
   <vulnerabilityName>CVE-2021-31684</vulnerabilityName>
</suppress>

<suppress>
   <notes><![CDATA[
   file name: accessors-smart-1.2.jar
   ]]></notes>
   <packageUrl regex="true">^pkg:maven/net\.minidev/accessors\-smart@.*$</packageUrl>
   <cpe>cpe:/a:json-smart_project:json-smart</cpe>
</suppress>

<suppress>
   <notes><![CDATA[
   file name: spring-hateoas-1.0.3.RELEASE.jar
   ]]></notes>
   <packageUrl regex="true">^pkg:maven/org\.springframework\.hateoas/spring\-hateoas@.*$</packageUrl>
   <vulnerabilityName>CVE-2023-34036</vulnerabilityName>
</suppress>

<suppress>
   <notes><![CDATA[
   file name: json-path-2.4.0.jar
   ]]></notes>
   <packageUrl regex="true">^pkg:maven/com\.jayway\.jsonpath/json\-path@.*$</packageUrl>
   <cpe>cpe:/a:json-java_project:json-java</cpe>
</suppress>

<suppress>
   <notes><![CDATA[
   file name: json-smart-2.3.jar
   ]]></notes>
   <packageUrl regex="true">^pkg:maven/net\.minidev/json\-smart@.*$</packageUrl>
   <cpe>cpe:/a:json-java_project:json-java</cpe>
</suppress>

<suppress>
   <notes><![CDATA[
   file name: json-smart-2.3.jar
   ]]></notes>
   <packageUrl regex="true">^pkg:maven/net\.minidev/json\-smart@.*$</packageUrl>
   <vulnerabilityName>CVE-2023-1370</vulnerabilityName>
</suppress>

<suppress>
   <notes><![CDATA[
   file name: accessors-smart-1.2.jar
   ]]></notes>
   <packageUrl regex="true">^pkg:maven/net\.minidev/accessors\-smart@.*$</packageUrl>
   <cpe>cpe:/a:json-java_project:json-java</cpe>
</suppress>

</suppressions>
